district,median_duration
Staten Island,47.46666666666667
Queens,26.683333333333334
Bronx,21.766666666666666
Brooklyn,19.0
Unknown,11.883333333333333
Manhattan,9.583333333333334
EWR,0.2
